<?xml version="1.0" encoding="UTF-8"?>
<addon id="repository.scco"
  version="3.0.0"
  name="SCC, Oli v3"
  provider-name="SCCO">
  <extension point="xbmc.addon.repository"
    name="SCC, Oli v3">
    <dir minversion="18.9.0" maxversion="19.9.0">
      <info compressed="false">https://repo.sc2.zone/repo-v19/addons.xml</info>
      <checksum>https://repo.sc2.zone/repo-v19/addons.xml.md5</checksum>
      <datadir zip="true">https://repo.sc2.zone/repo-v19/</datadir>
    </dir>
    <dir minversion="17.9.0" maxversion="18.9.0">
      <info compressed="false">https://repo.sc2.zone/repo-v18/addons.xml</info>
      <checksum>https://repo.sc2.zone/repo-v18/addons.xml.md5</checksum>
      <datadir zip="true">https://repo.sc2.zone/repo-v18/</datadir>
    </dir>
    <dir minversion="16.9.0" maxversion="17.9.0">
      <info compressed="false">https://repo.sc2.zone/repo-v17/addons.xml</info>
      <checksum>https://repo.sc2.zone/repo-v17/addons.xml.md5</checksum>
      <datadir zip="true">https://repo.sc2.zone/repo-v17/</datadir>
    </dir>
    <dir minversion="15.9.0" maxversion="16.9.0">
      <info compressed="false">https://repo.sc2.zone/repo-v16/addons.xml</info>
      <checksum>https://repo.sc2.zone/repo-v16/addons.xml.md5</checksum>
      <datadir zip="true">https://repo.sc2.zone/repo-v16/</datadir>
    </dir>
  </extension>
  <extension point="xbmc.addon.metadata">
    <summary>Hacky's repository</summary>
    <description>
      SCC Clone na opravenie upravovania mena a hesla
    </description>
    <description lang="cs">
      Obsahuje zavislosti pro Stream Cinema 2.0
      - autor repozitare nenese zadnou odpovednost za tento doplnek, ani za
      skody zpusobene jeho pouzivanim
      - clone oliho v3
    </description>
    <platform>all</platform>
    <language>en cs sk</language>
  </extension>
</addon>
